"filename", "language", "XML", "Java Properties", "HTML", "JSON", "Java", "Markdown", "comment", "blank", "total"
"c:\Users\polan\CodingBros\auebpath\pom.xml", "XML", 49, 0, 0, 0, 0, 0, 0, 5, 54
"c:\Users\polan\CodingBros\auebpath\target\classes\com\auebproject\CodeToName.class", "Java", 0, 0, 0, 0, 33, 0, 0, 0, 33
"c:\Users\polan\CodingBros\auebpath\target\classes\com\auebproject\DB.class", "Java", 0, 0, 0, 0, 28, 0, 0, 0, 28
"c:\Users\polan\CodingBros\auebpath\target\classes\com\auebproject\Edge.class", "Java", 0, 0, 0, 0, 10, 0, 0, 0, 10
"c:\Users\polan\CodingBros\auebpath\target\classes\com\auebproject\GeoJsonExporter.class", "Java", 0, 0, 0, 0, 53, 0, 0, 3, 56
"c:\Users\polan\CodingBros\auebpath\target\classes\com\auebproject\GeoJsonToHtmlGenerator.class", "Java", 0, 0, 0, 0, 38, 0, 2, 2, 42
"c:\Users\polan\CodingBros\auebpath\target\classes\com\auebproject\GeocodingService.class", "Java", 0, 0, 0, 0, 38, 0, 0, 0, 38
"c:\Users\polan\CodingBros\auebpath\target\classes\com\auebproject\HtmlViewerAppSwing.class", "Java", 0, 0, 0, 0, 35, 0, 0, 0, 35
"c:\Users\polan\CodingBros\auebpath\target\classes\com\auebproject\Input.class", "Java", 0, 0, 0, 0, 20, 0, 0, 0, 20
"c:\Users\polan\CodingBros\auebpath\target\classes\com\auebproject\JSONtoString.class", "Java", 0, 0, 0, 0, 34, 0, 0, 0, 34
"c:\Users\polan\CodingBros\auebpath\target\classes\com\auebproject\Location$1.class", "Java", 0, 0, 0, 0, 19, 0, 0, 0, 19
"c:\Users\polan\CodingBros\auebpath\target\classes\com\auebproject\Location$2.class", "Java", 0, 0, 0, 0, 18, 0, 0, 0, 18
"c:\Users\polan\CodingBros\auebpath\target\classes\com\auebproject\Location$3.class", "Java", 0, 0, 0, 0, 18, 0, 0, 0, 18
"c:\Users\polan\CodingBros\auebpath\target\classes\com\auebproject\Location$4.class", "Java", 0, 0, 0, 0, 20, 0, 0, 0, 20
"c:\Users\polan\CodingBros\auebpath\target\classes\com\auebproject\Location.class", "Java", 0, 0, 0, 0, 211, 0, 0, 0, 211
"c:\Users\polan\CodingBros\auebpath\target\classes\com\auebproject\Main.class", "Java", 0, 0, 0, 0, 10, 0, 0, 0, 10
"c:\Users\polan\CodingBros\auebpath\target\classes\com\auebproject\MapCreator.class", "Java", 0, 0, 0, 0, 58, 0, 0, 0, 58
"c:\Users\polan\CodingBros\auebpath\target\classes\com\auebproject\Node.class", "Java", 0, 0, 0, 0, 9, 0, 0, 0, 9
"c:\Users\polan\CodingBros\auebpath\target\classes\com\auebproject\NodeDistance.class", "Java", 0, 0, 0, 0, 6, 0, 0, 0, 6
"c:\Users\polan\CodingBros\auebpath\target\classes\com\auebproject\NodeHandling$NoNodeFoundException.class", "Java", 0, 0, 0, 0, 7, 0, 0, 0, 7
"c:\Users\polan\CodingBros\auebpath\target\classes\com\auebproject\NodeHandling.class", "Java", 0, 0, 0, 0, 59, 0, 0, 0, 59
"c:\Users\polan\CodingBros\auebpath\target\classes\com\auebproject\OpenHtmlInBrowser.class", "Java", 0, 0, 0, 0, 14, 0, 0, 0, 14
"c:\Users\polan\CodingBros\auebpath\target\classes\com\auebproject\ShortestPath$NoPathFoundException.class", "Java", 0, 0, 0, 0, 7, 0, 0, 0, 7
"c:\Users\polan\CodingBros\auebpath\target\classes\com\auebproject\ShortestPath.class", "Java", 0, 0, 0, 0, 75, 0, 0, 0, 75
"c:\Users\polan\CodingBros\auebpath\target\classes\com\auebproject\UML.md", "Markdown", 0, 0, 0, 0, 0, 34, 0, 8, 42
"c:\Users\polan\CodingBros\auebpath\target\classes\com\auebproject\Url.class", "Java", 0, 0, 0, 0, 32, 0, 0, 0, 32
"c:\Users\polan\CodingBros\auebpath\target\classes\com\auebproject\User.class", "Java", 0, 0, 0, 0, 23, 0, 0, 0, 23
"c:\Users\polan\CodingBros\auebpath\target\classes\com\auebproject\UserDAO.class", "Java", 0, 0, 0, 0, 60, 0, 0, 0, 60
"c:\Users\polan\CodingBros\auebpath\target\classes\data\athens_transport_data.geojson", "JSON", 0, 0, 0, 2524714, 0, 0, 0, 0, 2524714
"c:\Users\polan\CodingBros\auebpath\target\classes\data\athens_transport_data3.geojson", "JSON", 0, 0, 0, 4632891, 0, 0, 0, 0, 4632891
"c:\Users\polan\CodingBros\auebpath\target\classes\data\exported_data.geojson", "JSON", 0, 0, 0, 1, 0, 0, 0, 0, 1
"c:\Users\polan\CodingBros\auebpath\target\classes\web\MapViewer.html", "HTML", 0, 0, 22, 0, 0, 0, 0, 3, 25
"c:\Users\polan\CodingBros\auebpath\target\maven-archiver\pom.properties", "Java Properties", 0, 3, 0, 0, 0, 0, 0, 1, 4
"Total", "-", 49, 3, 22, 7157606, 935, 34, 2, 22, 7158673